Workbook

Sheet Sheet1
A1: Date | B1: streamflow (m3/s) | C1: Precipitation(mm)
A2: 29587 | B2: 10.498646 | C2: 26.30133
A3: 29618 | B3: 6.5439009 | C3: 0
A4: 29646 | B4: 10.389399 | C4: 4.6814602
A5: 29677 | B5: 6.9262657 | C5: 33.849901
A6: 29707 | B6: 12.170126 | C6: 98.444705
A7: 29738 | B7: 99.349307 | C7: 314.35977
A8: 29768 | B8: 232.19377 | C8: 378.26667
A9: 29799 | B9: 509.49567 | C9: 516.22419
A10: 29830 | B10: 134.89831 | C10: 202.89191
A11: 29860 | B11: 72.944284 | C11: 115.49853
A12: 29891 | B12: 33.462385 | C12: 37.021925
A13: 29921 | B13: 26.077281 | C13: 5.7004148
... A414: 42125 | B414: 1.9992218 | C414: 142.29474
A415: 42156 | B415: 132.28731 | C415: $

Sheet Lag1
A1: Q(t-1) | B1: Q(t)
A2: =Sheet1!B3 -> 6.5439009 | B2: =Sheet1!C4 -> 4.6814602
A3: =Sheet1!B4 -> 10.389399 | B3: =Sheet1!C5 -> 33.849901
A4: =Sheet1!B5 -> 6.9262657 | B4: =Sheet1!C6 -> 98.444705
A5: =Sheet1!B6 -> 12.170126 | B5: =Sheet1!C7 -> 314.35977
A6: =Sheet1!B7 -> 99.349307 | B6: =Sheet1!C8 -> 378.26667
A7: =Sheet1!B8 -> 232.19377 | B7: =Sheet1!C9 -> 516.22419
A8: =Sheet1!B9 -> 509.49567 | B8: =Sheet1!C10 -> 202.89191
A9: =Sheet1!B10 -> 134.89831 | B9: =Sheet1!C11 -> 115.49853
A10: =Sheet1!B11 -> 72.944284 | B10: =Sheet1!C12 -> 37.021925
A11: =Sheet1!B12 -> 33.462385 | B11: =Sheet1!C13 -> 5.7004148
A12: =Sheet1!B13 -> 26.077281 | B12: =Sheet1!C14 -> 0
A13: =Sheet1!B14 -> 14.147499 | B13: =Sheet1!C15 -> 0
... A415: =Sheet1!B416 -> 0 | B415: =Sheet1!C417 -> 0

Sheet Lag2
A1: Q(t-2) | B1: Q(t-1) | C1: Q(t)
A2: =Sheet1!B2 -> 10.498646 | B2: =Sheet1!B3 -> 6.5439009 | C2: =Sheet1!B4 -> 10.389399
A3: =Sheet1!B3 -> 6.5439009 | B3: =Sheet1!B4 -> 10.389399 | C3: =Sheet1!B5 -> 6.9262657
A4: =Sheet1!B4 -> 10.389399 | B4: =Sheet1!B5 -> 6.9262657 | C4: =Sheet1!B6 -> 12.170126
A5: =Sheet1!B5 -> 6.9262657 | B5: =Sheet1!B6 -> 12.170126 | C5: =Sheet1!B7 -> 99.349307
A6: =Sheet1!B6 -> 12.170126 | B6: =Sheet1!B7 -> 99.349307 | C6: =Sheet1!B8 -> 232.19377
A7: =Sheet1!B7 -> 99.349307 | B7: =Sheet1!B8 -> 232.19377 | C7: =Sheet1!B9 -> 509.49567
A8: =Sheet1!B8 -> 232.19377 | B8: =Sheet1!B9 -> 509.49567 | C8: =Sheet1!B10 -> 134.89831
A9: =Sheet1!B9 -> 509.49567 | B9: =Sheet1!B10 -> 134.89831 | C9: =Sheet1!B11 -> 72.944284
A10: =Sheet1!B10 -> 134.89831 | B10: =Sheet1!B11 -> 72.944284 | C10: =Sheet1!B12 -> 33.462385
A11: =Sheet1!B11 -> 72.944284 | B11: =Sheet1!B12 -> 33.462385 | C11: =Sheet1!B13 -> 26.077281
A12: =Sheet1!B12 -> 33.462385 | B12: =Sheet1!B13 -> 26.077281 | C12: =Sheet1!B14 -> 14.147499
A13: =Sheet1!B13 -> 26.077281 | B13: =Sheet1!B14 -> 14.147499 | C13: =Sheet1!B15 -> 9.3734006
... A415: =Sheet1!B415 -> 132.28731 | B415: =Sheet1!B416 -> 0 | C415: =Sheet1!B417 -> 0

Sheet Lag3
A1: Q(t-3) | B1: Q(t-2) | C1: Q(t-1) | D1: Q(t)
A2: =Sheet1!B2 -> 10.498646 | B2: =Sheet1!B3 -> 6.5439009 | C2: =Sheet1!B4 -> 10.389399 | D2: =Sheet1!B5 -> 6.9262657
A3: =Sheet1!B3 -> 6.5439009 | B3: =Sheet1!B4 -> 10.389399 | C3: =Sheet1!B5 -> 6.9262657 | D3: =Sheet1!B6 -> 12.170126
A4: =Sheet1!B4 -> 10.389399 | B4: =Sheet1!B5 -> 6.9262657 | C4: =Sheet1!B6 -> 12.170126 | D4: =Sheet1!B7 -> 99.349307
A5: =Sheet1!B5 -> 6.9262657 | B5: =Sheet1!B6 -> 12.170126 | C5: =Sheet1!B7 -> 99.349307 | D5: =Sheet1!B8 -> 232.19377
A6: =Sheet1!B6 -> 12.170126 | B6: =Sheet1!B7 -> 99.349307 | C6: =Sheet1!B8 -> 232.19377 | D6: =Sheet1!B9 -> 509.49567
A7: =Sheet1!B7 -> 99.349307 | B7: =Sheet1!B8 -> 232.19377 | C7: =Sheet1!B9 -> 509.49567 | D7: =Sheet1!B10 -> 134.89831
A8: =Sheet1!B8 -> 232.19377 | B8: =Sheet1!B9 -> 509.49567 | C8: =Sheet1!B10 -> 134.89831 | D8: =Sheet1!B11 -> 72.944284
A9: =Sheet1!B9 -> 509.49567 | B9: =Sheet1!B10 -> 134.89831 | C9: =Sheet1!B11 -> 72.944284 | D9: =Sheet1!B12 -> 33.462385
A10: =Sheet1!B10 -> 134.89831 | B10: =Sheet1!B11 -> 72.944284 | C10: =Sheet1!B12 -> 33.462385 | D10: =Sheet1!B13 -> 26.077281
A11: =Sheet1!B11 -> 72.944284 | B11: =Sheet1!B12 -> 33.462385 | C11: =Sheet1!B13 -> 26.077281 | D11: =Sheet1!B14 -> 14.147499
A12: =Sheet1!B12 -> 33.462385 | B12: =Sheet1!B13 -> 26.077281 | C12: =Sheet1!B14 -> 14.147499 | D12: =Sheet1!B15 -> 9.3734006
A13: =Sheet1!B13 -> 26.077281 | B13: =Sheet1!B14 -> 14.147499 | C13: =Sheet1!B15 -> 9.3734006 | D13: =Sheet1!B16 -> 3.6051541
... A415: =Sheet1!B415 -> 132.28731 | B415: =Sheet1!B416 -> 0 | C415: =Sheet1!B417 -> 0 | D415: =Sheet1!B418 -> 0

Sheet Lag4
A1: Q(t-4) | B1: Q(t-3) | C1: Q(t-2) | D1: Q(t-1) | E1: Q(t)
A2: =Sheet1!B2 -> 10.498646 | B2: =Sheet1!B3 -> 6.5439009 | C2: =Sheet1!B4 -> 10.389399 | D2: =Sheet1!B5 -> 6.9262657 | E2: =Sheet1!B6 -> 12.170126
A3: =Sheet1!B3 -> 6.5439009 | B3: =Sheet1!B4 -> 10.389399 | C3: =Sheet1!B5 -> 6.9262657 | D3: =Sheet1!B6 -> 12.170126 | E3: =Sheet1!B7 -> 99.349307
A4: =Sheet1!B4 -> 10.389399 | B4: =Sheet1!B5 -> 6.9262657 | C4: =Sheet1!B6 -> 12.170126 | D4: =Sheet1!B7 -> 99.349307 | E4: =Sheet1!B8 -> 232.19377
A5: =Sheet1!B5 -> 6.9262657 | B5: =Sheet1!B6 -> 12.170126 | C5: =Sheet1!B7 -> 99.349307 | D5: =Sheet1!B8 -> 232.19377 | E5: =Sheet1!B9 -> 509.49567
A6: =Sheet1!B6 -> 12.170126 | B6: =Sheet1!B7 -> 99.349307 | C6: =Sheet1!B8 -> 232.19377 | D6: =Sheet1!B9 -> 509.49567 | E6: =Sheet1!B10 -> 134.89831
A7: =Sheet1!B7 -> 99.349307 | B7: =Sheet1!B8 -> 232.19377 | C7: =Sheet1!B9 -> 509.49567 | D7: =Sheet1!B10 -> 134.89831 | E7: =Sheet1!B11 -> 72.944284
A8: =Sheet1!B8 -> 232.19377 | B8: =Sheet1!B9 -> 509.49567 | C8: =Sheet1!B10 -> 134.89831 | D8: =Sheet1!B11 -> 72.944284 | E8: =Sheet1!B12 -> 33.462385
A9: =Sheet1!B9 -> 509.49567 | B9: =Sheet1!B10 -> 134.89831 | C9: =Sheet1!B11 -> 72.944284 | D9: =Sheet1!B12 -> 33.462385 | E9: =Sheet1!B13 -> 26.077281
A10: =Sheet1!B10 -> 134.89831 | B10: =Sheet1!B11 -> 72.944284 | C10: =Sheet1!B12 -> 33.462385 | D10: =Sheet1!B13 -> 26.077281 | E10: =Sheet1!B14 -> 14.147499
A11: =Sheet1!B11 -> 72.944284 | B11: =Sheet1!B12 -> 33.462385 | C11: =Sheet1!B13 -> 26.077281 | D11: =Sheet1!B14 -> 14.147499 | E11: =Sheet1!B15 -> 9.3734006
A12: =Sheet1!B12 -> 33.462385 | B12: =Sheet1!B13 -> 26.077281 | C12: =Sheet1!B14 -> 14.147499 | D12: =Sheet1!B15 -> 9.3734006 | E12: =Sheet1!B16 -> 3.6051541
A13: =Sheet1!B13 -> 26.077281 | B13: =Sheet1!B14 -> 14.147499 | C13: =Sheet1!B15 -> 9.3734006 | D13: =Sheet1!B16 -> 3.6051541 | E13: =Sheet1!B17 -> 0.67733198
... A415: =Sheet1!B415 -> 132.28731 | B415: =Sheet1!B416 -> 0 | C415: =Sheet1!B417 -> 0 | D415: =Sheet1!B418 -> 0 | E415: =Sheet1!B419 -> 0

Sheet Lag5
A1: Q(t-5) | B1: Q(t-4) | C1: Q(t-3) | D1: Q(t-2) | E1: Q(t-1) | F1: Q(t)
A2: =Sheet1!B2 -> 10.498646 | B2: =Sheet1!B3 -> 6.5439009 | C2: =Sheet1!B4 -> 10.389399 | D2: =Sheet1!B5 -> 6.9262657 | E2: =Sheet1!B6 -> 12.170126 | F2: =Sheet1!B7 -> 99.349307

Sheet Lag6
A1: Q(t-6) | B1: Q(t-5) | C1: Q(t-4) | D1: Q(t-3) | E1: Q(t-2) | F1: Q(t-1) | G1: Q(t)
A2: =Sheet1!B2 -> 10.498646 | B2: =Sheet1!B3 -> 6.5439009 | C2: =Sheet1!B4 -> 10.389399 | D2: =Sheet1!B5 -> 6.9262657 | E2: =Sheet1!B6 -> 12.170126 | F2: =Sheet1!B7 -> 99.349307 | G2: =Sheet1!B8 -> 232.19377
A3: =Sheet1!B3 -> 6.5439009 | B3: =Sheet1!B4 -> 10.389399 | C3: =Sheet1!B5 -> 6.9262657 | D3: =Sheet1!B6 -> 12.170126 | E3: =Sheet1!B7 -> 99.349307 | F3: =Sheet1!B8 -> 232.19377 | G3: =Sheet1!B9 -> 509.49567
A4: =Sheet1!B4 -> 10.389399 | B4: =Sheet1!B5 -> 6.9262657 | C4: =Sheet1!B6 -> 12.170126 | D4: =Sheet1!B7 -> 99.349307 | E4: =Sheet1!B8 -> 232.19377 | F4: =Sheet1!B9 -> 509.49567 | G4: =Sheet1!B10 -> 134.89831
A5: =Sheet1!B5 -> 6.9262657 | B5: =Sheet1!B6 -> 12.170126 | C5: =Sheet1!B7 -> 99.349307 | D5: =Sheet1!B8 -> 232.19377 | E5: =Sheet1!B9 -> 509.49567 | F5: =Sheet1!B10 -> 134.89831 | G5: =Sheet1!B11 -> 72.944284
A6: =Sheet1!B6 -> 12.170126 | B6: =Sheet1!B7 -> 99.349307 | C6: =Sheet1!B8 -> 232.19377 | D6: =Sheet1!B9 -> 509.49567 | E6: =Sheet1!B10 -> 134.89831 | F6: =Sheet1!B11 -> 72.944284 | G6: =Sheet1!B12 -> 33.462385
A7: =Sheet1!B7 -> 99.349307 | B7: =Sheet1!B8 -> 232.19377 | C7: =Sheet1!B9 -> 509.49567 | D7: =Sheet1!B10 -> 134.89831 | E7: =Sheet1!B11 -> 72.944284 | F7: =Sheet1!B12 -> 33.462385 | G7: =Sheet1!B13 -> 26.077281
A8: =Sheet1!B8 -> 232.19377 | B8: =Sheet1!B9 -> 509.49567 | C8: =Sheet1!B10 -> 134.89831 | D8: =Sheet1!B11 -> 72.944284 | E8: =Sheet1!B12 -> 33.462385 | F8: =Sheet1!B13 -> 26.077281 | G8: =Sheet1!B14 -> 14.147499
A9: =Sheet1!B9 -> 509.49567 | B9: =Sheet1!B10 -> 134.89831 | C9: =Sheet1!B11 -> 72.944284 | D9: =Sheet1!B12 -> 33.462385 | E9: =Sheet1!B13 -> 26.077281 | F9: =Sheet1!B14 -> 14.147499 | G9: =Sheet1!B15 -> 9.3734006
A10: =Sheet1!B10 -> 134.89831 | B10: =Sheet1!B11 -> 72.944284 | C10: =Sheet1!B12 -> 33.462385 | D10: =Sheet1!B13 -> 26.077281 | E10: =Sheet1!B14 -> 14.147499 | F10: =Sheet1!B15 -> 9.3734006 | G10: =Sheet1!B16 -> 3.6051541
A11: =Sheet1!B11 -> 72.944284 | B11: =Sheet1!B12 -> 33.462385 | C11: =Sheet1!B13 -> 26.077281 | D11: =Sheet1!B14 -> 14.147499 | E11: =Sheet1!B15 -> 9.3734006 | F11: =Sheet1!B16 -> 3.6051541 | G11: =Sheet1!B17 -> 0.67733198
A12: =Sheet1!B12 -> 33.462385 | B12: =Sheet1!B13 -> 26.077281 | C12: =Sheet1!B14 -> 14.147499 | D12: =Sheet1!B15 -> 9.3734006 | E12: =Sheet1!B16 -> 3.6051541 | F12: =Sheet1!B17 -> 0.67733198 | G12: =Sheet1!B18 -> 2.2286407
A13: =Sheet1!B13 -> 26.077281 | B13: =Sheet1!B14 -> 14.147499 | C13: =Sheet1!B15 -> 9.3734006 | D13: =Sheet1!B16 -> 3.6051541 | E13: =Sheet1!B17 -> 0.67733198 | F13: =Sheet1!B18 -> 2.2286407 | G13: =Sheet1!B19 -> 82.918544
... A415: =Sheet1!B415 -> 132.28731 | B415: =Sheet1!B416 -> 0 | C415: =Sheet1!B417 -> 0 | D415: =Sheet1!B418 -> 0 | E415: =Sheet1!B419 -> 0 | F415: =Sheet1!B420 -> 0 | G415: =Sheet1!B421 -> 0
